club,players,wages_m,expected_m,club_pay_ratio
Manchester United,6,65.3,34.2,1.91
Arsenal,8,71.4,42.8,1.67
West Ham United,9,50.8,31.5,1.61
Manchester City,6,80.0,49.8,1.61
Aston Villa,11,77.2,49.2,1.57
Liverpool FC,9,85.4,59.7,1.43
Chelsea,8,73.0,53.4,1.37
Newcastle United,11,65.2,52.7,1.24
Tottenham Hotspur,7,37.5,31.0,1.21
Everton,8,37.7,33.5,1.12
Fulham,12,51.9,47.1,1.1
Crystal Palace,10,39.4,37.3,1.06
Nottingham Forest,9,34.0,42.0,0.81
Brighton & Hove Albion,12,37.7,50.5,0.75
Bournemouth,6,17.5,23.5,0.74
Brentford,10,19.2,37.9,0.51
Wolverhampton,6,9.8,26.3,0.37
