Stat,Link to wage,Players
possessionLostPercentage,0.602,32
accuratePasses,0.536,32
accurateOppositionHalfPasses,0.424,65
assists,0.404,42
aerialDuelsWonPercentage,0.382,32
accurateFinalThirdPasses,0.379,94
accuratePassesPercentage,0.295,78
keyPasses,0.288,103
goals,0.282,33
bigChancesCreated,0.281,33
dribbledPast,0.199,93
accurateLongBalls,0.187,65
nonPenaltyGoals,0.177,42
groundDuelsWonPercentage,0.176,61
expectedAssists,0.152,103
nonPenaltyXG,0.136,42
outfielderBlocks,0.045,32
tacklesWonPercentage,0.04,32
accurateCrossesPercentage,0.036,28
successfulDribblesPercentage,0.026,33
aerialDuelsWon,-0.017,41
dispossessed,-0.031,33
tacklesPlusInterceptions,-0.037,33
possessionWonAttThird,-0.039,75
errorLeadToGoal,-0.053,45
possessionLost,-0.062,33
accurateCrosses,-0.066,28
clearances,-0.067,32
errorLeadToShot,-0.072,60
wasFouled,-0.081,33
interceptions,-0.228,60
ballRecovery,-0.288,93
tackles,-0.301,28
successfulDribbles,-0.31,61
