Player,Club,Role,Age (2024-25),Appearances,Starts,Minutes,Availability,Avg Rating,Goals,Assists,Goals per 90,Assists per 90,xG per 90,xA per 90,Key Passes per 90,Tackles per 90,Interceptions per 90,Performance Score,Performance Rank,Annual Wage,Wage Rank,Expected Wage,Wage Gap,Pay Ratio,Verdict,Ratio Verdict,Overpaid Rank,Underpaid Rank
Casemiro,Manchester United,Central / defensive mid,32,33,32,2512,"Regular (1,500+ min)",7.224242424,9,2,0.32,0.07,0.19,0.11,1.22,3.15,1.07,0.09,55,22226790,2,4395227.0,17831563.0,5.06,Overpaid,Paid 2x+ expected,1.0,
Tomáš Souček,West Ham United,Central / defensive mid,29,32,21,1972,"Regular (1,500+ min)",6.728125,5,0,0.23,0.0,0.22,0.02,0.46,1.73,0.73,-0.76,148,5715460,54,1190023.0,4525437.0,4.8,Overpaid,Paid 2x+ expected,2.0,
Mohamed Salah,Liverpool FC,Winger / attacking mid,32,25,22,2058,"Regular (1,500+ min)",6.876,7,6,0.31,0.26,0.35,0.21,2.1,0.7,0.17,0.28,34,22226790,2,5892622.0,16334168.0,3.77,Overpaid,Paid 2x+ expected,3.0,
Luke Shaw,Manchester United,Full-back,29,35,35,2969,"Regular (1,500+ min)",6.671428571,0,1,0.0,0.03,0.02,0.05,0.49,2.15,1.27,-0.22,120,9525767,18,2730253.0,6795514.0,3.49,Overpaid,Paid 2x+ expected,4.0,
Riccardo Calafiori,Arsenal,Full-back,22,23,19,1545,"Regular (1,500+ min)",6.877272727,1,2,0.06,0.12,0.18,0.03,0.35,1.86,0.87,-0.34,135,7620614,35,2353074.0,5267540.0,3.24,Overpaid,Paid 2x+ expected,5.0,
Joelinton,Newcastle United,Central / defensive mid,27,26,22,1863,"Regular (1,500+ min)",6.792307692,2,1,0.1,0.05,0.11,0.06,0.72,1.88,1.4,-0.13,104,9525767,18,3130044.0,6395723.0,3.04,Overpaid,Paid 2x+ expected,6.0,
Bernardo Silva,Manchester City,Central / defensive mid,29,34,30,2606,"Regular (1,500+ min)",6.844117647,2,4,0.07,0.14,0.07,0.13,1.55,1.49,0.62,0.35,22,19051534,4,6519088.0,12532446.0,2.92,Overpaid,Paid 2x+ expected,7.0,
Alexis Mac Allister,Liverpool FC,Central / defensive mid,25,34,28,2405,"Regular (1,500+ min)",6.741176471,2,4,0.07,0.15,0.13,0.06,1.16,1.76,0.75,-0.08,99,9525767,18,3342198.0,6183569.0,2.85,Overpaid,Paid 2x+ expected,8.0,
Lucas Paquetá,West Ham United,Winger / attacking mid,26,18,18,1521,"Regular (1,500+ min)",6.905555556,4,1,0.24,0.06,0.17,0.12,1.36,2.31,0.47,-0.29,128,9525767,18,3490036.0,6035731.0,2.73,Overpaid,Paid 2x+ expected,9.0,
John McGinn,Aston Villa,Central / defensive mid,29,27,26,1979,"Regular (1,500+ min)",6.9,4,3,0.18,0.14,0.12,0.15,1.68,1.23,0.55,-0.16,111,7620614,35,2969855.0,4650759.0,2.57,Overpaid,Paid 2x+ expected,10.0,
Cristian Romero,Tottenham Hotspur,Centre-back,26,23,22,1872,"Regular (1,500+ min)",7.108695652,4,1,0.19,0.05,0.06,0.06,0.58,2.79,1.44,0.08,59,10478344,15,4299353.0,6178991.0,2.44,Overpaid,Paid 2x+ expected,11.0,
William Saliba,Arsenal,Centre-back,23,29,28,2435,"Regular (1,500+ min)",6.996428571,1,0,0.04,0.0,0.03,0.05,0.37,1.22,0.63,0.19,45,12065972,11,5099883.0,6966089.0,2.37,Overpaid,Paid 2x+ expected,13.0,
Daichi Kamada,Crystal Palace,Winger / attacking mid,27,24,19,1668,"Regular (1,500+ min)",6.841666667,0,0,0.0,0.0,0.08,0.13,0.92,2.91,0.54,-0.52,146,6668037,45,2811454.0,3856583.0,2.37,Overpaid,Paid 2x+ expected,12.0,
Marc Cucurella,Chelsea,Full-back,26,31,28,2440,"Regular (1,500+ min)",6.674193548,1,4,0.04,0.15,0.09,0.12,1.4,1.81,1.14,0.22,39,11113395,14,4805556.0,6307839.0,2.31,Overpaid,Paid 2x+ expected,14.0,
Erling Haaland,Manchester City,Striker,24,33,32,2778,"Regular (1,500+ min)",7.333333333,25,7,0.81,0.23,0.78,0.07,0.71,0.49,0.16,1.15,3,23814418,1,10491643.0,13322775.0,2.27,Overpaid,Paid 2x+ expected,15.0,
Amadou Onana,Aston Villa,Central / defensive mid,22,24,21,1759,"Regular (1,500+ min)",7.05,2,0,0.1,0.0,0.09,0.04,0.36,2.4,1.28,0.03,76,8890716,29,3960372.0,4930344.0,2.24,Overpaid,Paid 2x+ expected,16.0,
Jefferson Lerma,Crystal Palace,Central / defensive mid,29,27,16,1524,"Regular (1,500+ min)",6.746153846,0,2,0.0,0.12,0.11,0.07,0.77,1.18,1.18,-0.41,139,4445358,80,2030408.0,2414950.0,2.19,Overpaid,Paid 2x+ expected,17.0,
Pau Torres,Aston Villa,Centre-back,27,19,17,1569,"Regular (1,500+ min)",6.889473684,0,0,0.0,0.0,0.03,0.02,0.06,1.2,0.63,-0.15,108,6350511,47,2976821.0,3373690.0,2.13,Overpaid,Paid 2x+ expected,18.0,
Jarrod Bowen,West Ham United,Winger / attacking mid,27,35,35,3135,"Regular (1,500+ min)",7.0,8,10,0.23,0.29,0.19,0.14,1.21,1.32,0.78,0.0,82,9525767,18,4564889.0,4960878.0,2.09,Overpaid,Paid 2x+ expected,21.0,
Max Kilman,West Ham United,Centre-back,27,21,17,1565,"Regular (1,500+ min)",6.557894737,0,0,0.0,0.0,0.03,0.02,0.23,0.92,0.52,-0.13,107,6350511,47,3038080.0,3312431.0,2.09,Overpaid,Paid 2x+ expected,19.0,
James Tarkowski,Everton,Centre-back,31,34,34,3060,"Regular (1,500+ min)",7.158823529,1,2,0.03,0.06,0.07,0.04,0.5,1.26,0.82,-0.13,106,6350511,47,3038918.0,3311593.0,2.09,Overpaid,Paid 2x+ expected,20.0,
Phil Foden,Manchester City,Winger / attacking mid,24,29,21,1871,"Regular (1,500+ min)",6.975862069,7,3,0.34,0.14,0.28,0.19,2.26,1.44,0.38,0.47,14,14288651,8,7037628.0,7251023.0,2.03,Overpaid,Paid 2x+ expected,22.0,
Enzo Fernández,Chelsea,Central / defensive mid,23,33,32,2851,"Regular (1,500+ min)",7.121212121,8,3,0.25,0.09,0.35,0.21,2.05,1.61,0.63,0.26,37,11430921,12,5673396.0,5757525.0,2.01,Overpaid,Paid 2x+ expected,23.0,
David Raya,Arsenal,Goalkeeper,28,35,35,3150,"Regular (1,500+ min)",6.885714286,0,0,0.0,0.0,0.0,0.0,0.09,0.03,0.03,-0.22,121,6350511,47,3230854.0,3119657.0,1.97,Overpaid,Within 2x,24.0,
Anthony Gordon,Newcastle United,Winger / attacking mid,23,26,24,1817,"Regular (1,500+ min)",7.052,6,2,0.3,0.1,0.44,0.17,1.29,0.94,0.15,0.08,60,9525767,18,4883862.0,4641905.0,1.95,Overpaid,Within 2x,25.0,
Sandro Tonali,Newcastle United,Central / defensive mid,24,33,29,2400,"Regular (1,500+ min)",6.932258065,0,2,0.0,0.08,0.06,0.1,1.12,1.24,1.12,0.02,78,7620614,35,3923028.0,3697586.0,1.94,Overpaid,Within 2x,26.0,
Nikola Milenković,Nottingham Forest,Centre-back,26,35,34,3105,"Regular (1,500+ min)",6.814285714,0,0,0.0,0.0,0.02,0.01,0.03,0.81,0.84,-0.05,91,6668037,45,3456286.0,3211751.0,1.93,Overpaid,Within 2x,27.0,
Ferdi Kadıoğlu,Brighton & Hove Albion,Full-back,24,34,31,2864,"Regular (1,500+ min)",6.823529412,1,0,0.03,0.0,0.06,0.08,0.6,1.73,0.75,-0.18,114,5556698,61,2892061.0,2664637.0,1.92,Overpaid,Within 2x,28.0,
Leny Yoro,Manchester United,Centre-back,19,31,18,1732,"Regular (1,500+ min)",6.648275862,0,0,0.0,0.0,0.07,0.03,0.21,1.61,1.56,0.01,81,7303088,44,3803064.0,3500024.0,1.92,Overpaid,Within 2x,29.0,
Cole Palmer,Chelsea,Winger / attacking mid,22,23,21,1696,"Regular (1,500+ min)",7.013043478,9,1,0.48,0.05,0.54,0.12,1.27,1.11,0.8,-0.05,92,8255665,30,4325788.0,3929877.0,1.91,Overpaid,Within 2x,30.0,
Bernd Leno,Fulham,Goalkeeper,32,35,35,3150,"Regular (1,500+ min)",6.925714286,0,0,0.0,0.0,0.0,0.0,0.0,0.11,0.03,-0.03,89,8255665,30,4402002.0,3853663.0,1.88,Overpaid,Within 2x,31.0,
Reece James,Chelsea,Full-back,24,27,20,1896,"Regular (1,500+ min)",7.2,2,4,0.09,0.19,0.05,0.15,1.28,2.23,1.52,0.67,7,15876279,6,8494115.0,7382164.0,1.87,Overpaid,Within 2x,32.0,
Idrissa Gana Gueye,Everton,Central / defensive mid,34,25,25,2101,"Regular (1,500+ min)",6.812,2,3,0.09,0.13,0.09,0.08,0.56,1.84,1.2,0.05,67,7620614,35,4129242.0,3491372.0,1.85,Overpaid,Within 2x,33.0,
Matty Cash,Aston Villa,Full-back,26,32,32,2805,"Regular (1,500+ min)",6.884375,3,3,0.1,0.1,0.04,0.09,0.9,2.05,0.67,-0.2,116,5080409,65,2798870.0,2281539.0,1.82,Overpaid,Within 2x,36.0,
Declan Rice,Arsenal,Central / defensive mid,25,34,33,2919,"Regular (1,500+ min)",7.441176471,4,5,0.12,0.15,0.1,0.2,1.91,1.97,1.08,0.51,13,15241227,7,8361077.0,6880150.0,1.82,Overpaid,Within 2x,34.0,
Alisson,Liverpool FC,Goalkeeper,31,25,25,2250,"Regular (1,500+ min)",6.808,0,0,0.0,0.0,0.0,0.0,0.0,0.0,0.0,0.07,63,9525767,18,5230418.0,4295349.0,1.82,Overpaid,Within 2x,35.0,
Dan Burn,Newcastle United,Centre-back,32,26,23,2020,"Regular (1,500+ min)",6.584615385,1,2,0.04,0.09,0.05,0.02,0.27,1.56,0.85,-0.41,140,3492781,92,1955842.0,1536939.0,1.79,Overpaid,Within 2x,37.0,
Pedro Neto,Chelsea,Winger / attacking mid,24,32,28,2489,"Regular (1,500+ min)",6.941935484,5,4,0.18,0.14,0.16,0.24,1.81,0.58,0.22,0.25,38,10160818,16,5747848.0,4412970.0,1.77,Overpaid,Within 2x,38.0,
Kieran Trippier,Newcastle United,Full-back,33,19,17,1506,"Regular (1,500+ min)",6.7,0,1,0.0,0.06,0.0,0.12,1.61,1.43,0.6,0.15,49,7620614,35,4408476.0,3212138.0,1.73,Overpaid,Within 2x,39.0,
Alphonse Aréola,West Ham United,Goalkeeper,31,20,20,1800,"Regular (1,500+ min)",6.8,0,1,0.0,0.05,0.0,0.0,0.05,0.0,0.05,-0.02,86,7620614,35,4480617.0,3139997.0,1.7,Overpaid,Within 2x,40.0,
Ryan Gravenberch,Liverpool FC,Central / defensive mid,22,33,31,2757,"Regular (1,500+ min)",7.054545455,4,3,0.13,0.1,0.06,0.07,0.82,1.73,1.47,0.27,35,9525767,18,5741002.0,3784765.0,1.66,Overpaid,Within 2x,41.0,
Rúben Dias,Manchester City,Centre-back,27,25,23,2059,"Regular (1,500+ min)",7.2,2,0,0.09,0.0,0.02,0.03,0.26,0.57,0.96,0.38,18,11430921,12,6898078.0,4532843.0,1.66,Overpaid,Within 2x,42.0,
Chris Richards,Crystal Palace,Centre-back,24,30,29,2617,"Regular (1,500+ min)",6.93,1,0,0.03,0.0,0.06,0.04,0.31,1.75,1.44,-0.36,137,3492781,92,2129319.0,1363462.0,1.64,Overpaid,Within 2x,43.0,
Jurriën Timber,Arsenal,Full-back,23,30,28,2457,"Regular (1,500+ min)",6.913333333,3,5,0.11,0.18,0.17,0.06,0.99,2.42,0.88,-0.02,85,5715460,54,3529628.0,2185832.0,1.62,Overpaid,Within 2x,44.0,
Youri Tielemans,Aston Villa,Central / defensive mid,27,22,19,1666,"Regular (1,500+ min)",7.159090909,0,4,0.0,0.22,0.06,0.16,1.57,2.81,0.97,0.29,33,9525767,18,5917491.0,3608276.0,1.61,Overpaid,Within 2x,45.0,
Virgil van Dijk,Liverpool FC,Centre-back,33,35,35,3150,"Regular (1,500+ min)",7.234285714,4,0,0.11,0.0,0.09,0.03,0.31,0.63,0.63,0.53,12,13971125,9,8745294.0,5225831.0,1.6,Overpaid,Within 2x,46.0,
Gabriel Magalhães,Arsenal,Centre-back,26,29,28,2526,"Regular (1,500+ min)",7.3,3,4,0.11,0.14,0.09,0.06,0.25,1.28,0.78,0.05,68,6350511,47,4085024.0,2265487.0,1.55,Overpaid,Within 2x,47.0,
Ollie Watkins,Aston Villa,Striker,28,34,30,2582,"Regular (1,500+ min)",6.755882353,11,2,0.38,0.07,0.43,0.04,0.77,0.73,0.21,0.07,64,8255665,30,5364214.0,2891451.0,1.54,Overpaid,Within 2x,48.0,
Aaron Wan-Bissaka,West Ham United,Full-back,26,23,21,1931,"Regular (1,500+ min)",6.595652174,0,2,0.0,0.09,0.0,0.04,0.79,1.4,1.77,0.02,77,5715460,54,3727873.0,1987587.0,1.53,Overpaid,Within 2x,49.0,
Matheus Nunes,Manchester City,Full-back,25,31,29,2627,"Regular (1,500+ min)",6.938709677,1,5,0.03,0.17,0.01,0.07,0.86,1.92,0.96,0.32,27,8255665,30,5480262.0,2775403.0,1.51,Overpaid,Within 2x,50.0,
Alex Iwobi,Fulham,Winger / attacking mid,28,27,27,2277,"Regular (1,500+ min)",7.055555556,4,3,0.16,0.12,0.06,0.17,1.62,1.03,0.51,-0.31,133,5080409,65,3399285.0,1681124.0,1.49,Overpaid,Within 2x,51.0,
Ismaïla Sarr,Crystal Palace,Winger / attacking mid,26,24,21,1922,"Regular (1,500+ min)",6.825,7,1,0.33,0.05,0.43,0.05,0.8,0.84,0.37,-0.45,143,4445358,80,3011688.0,1433670.0,1.48,Overpaid,Within 2x,52.0,
Dominik Szoboszlai,Liverpool FC,Winger / attacking mid,23,33,33,2963,"Regular (1,500+ min)",7.212121212,6,5,0.18,0.15,0.13,0.18,1.97,1.58,0.85,0.14,50,7620614,35,5178366.0,2442248.0,1.47,Overpaid,Within 2x,53.0,
Diogo Dalot,Manchester United,Full-back,25,33,28,2526,"Regular (1,500+ min)",6.851515152,1,3,0.04,0.11,0.06,0.09,0.96,1.75,0.93,0.01,80,5397935,62,3672124.0,1725811.0,1.47,Overpaid,Within 2x,54.0,
Raúl Jiménez,Fulham,Striker,33,34,27,2165,"Regular (1,500+ min)",6.697058824,9,3,0.37,0.12,0.47,0.04,1.04,1.41,0.33,-0.26,124,6350511,47,4371938.0,1978573.0,1.45,Overpaid,Within 2x,55.0,
Jordan Pickford,Everton,Goalkeeper,30,35,35,3150,"Regular (1,500+ min)",7.017142857,0,0,0.0,0.0,0.0,0.01,0.06,0.06,0.0,0.1,54,7938139,34,5520480.0,2417659.0,1.44,Overpaid,Within 2x,56.0,
Micky van de Ven,Tottenham Hotspur,Centre-back,23,32,32,2773,"Regular (1,500+ min)",6.740625,4,1,0.13,0.03,0.08,0.01,0.19,1.2,0.68,-0.33,134,3175256,95,2211036.0,964220.0,1.44,Fair / unclear,Within 2x,,
Harvey Barnes,Newcastle United,Winger / attacking mid,26,34,18,1812,"Regular (1,500+ min)",6.751515152,6,0,0.3,0.0,0.33,0.12,0.99,0.65,0.15,-0.25,123,5080409,65,3613921.0,1466488.0,1.41,Overpaid,Within 2x,57.0,
Ibrahim Sangaré,Nottingham Forest,Central / defensive mid,26,26,24,1995,"Regular (1,500+ min)",6.984,2,2,0.09,0.09,0.05,0.08,0.54,2.62,0.9,-0.07,95,4762884,73,3420793.0,1342091.0,1.39,Overpaid,Within 2x,58.0,
Vitaliy Mykolenko,Everton,Full-back,25,30,30,2690,"Regular (1,500+ min)",6.726666667,0,1,0.0,0.03,0.01,0.08,0.67,1.61,0.97,-0.24,122,3683297,91,2676694.0,1006603.0,1.38,Overpaid,Within 2x,59.0,
Ezri Konsa,Aston Villa,Centre-back,26,32,32,2856,"Regular (1,500+ min)",6.9875,0,0,0.0,0.0,0.04,0.02,0.16,0.66,0.72,-0.03,88,4762884,73,3580608.0,1182276.0,1.33,Overpaid,Within 2x,60.0,
Saša Lukić,Fulham,Central / defensive mid,27,24,18,1554,"Regular (1,500+ min)",6.629166667,1,2,0.06,0.12,0.13,0.1,1.51,2.49,0.87,-0.15,109,4000822,84,3009334.0,991488.0,1.33,Fair / unclear,Within 2x,,
Evanilson,Bournemouth,Striker,24,33,29,2554,"Regular (1,500+ min)",6.593939394,6,1,0.21,0.04,0.34,0.05,1.06,0.35,0.21,-0.36,138,5397935,62,4103478.0,1294457.0,1.32,Overpaid,Within 2x,62.0,
Emile Smith Rowe,Fulham,Winger / attacking mid,24,34,19,1747,"Regular (1,500+ min)",6.667647059,3,0,0.15,0.0,0.24,0.06,0.93,1.49,1.13,-0.49,145,3810307,85,2891077.0,919230.0,1.32,Fair / unclear,Within 2x,,
Bruno Guimarães,Newcastle United,Central / defensive mid,26,26,24,2210,"Regular (1,500+ min)",7.461538462,9,5,0.37,0.2,0.21,0.17,1.75,2.24,0.53,0.46,15,10160818,16,7706508.0,2454310.0,1.32,Overpaid,Within 2x,61.0,
Kristoffer Ajer,Brentford,Centre-back,26,25,18,1648,"Regular (1,500+ min)",6.636,0,1,0.0,0.05,0.04,0.04,0.22,1.91,0.82,-0.42,142,2540205,111,1919402.0,620803.0,1.32,Fair / unclear,Within 2x,,
Lucas Digne,Aston Villa,Full-back,31,29,20,1760,"Regular (1,500+ min)",6.744827586,0,5,0.0,0.26,0.03,0.16,1.23,1.74,0.72,0.38,19,7620614,35,5861689.0,1758925.0,1.3,Overpaid,Within 2x,63.0,
Mats Wieffer,Brighton & Hove Albion,Full-back,24,25,22,1824,"Regular (1,500+ min)",6.74,2,3,0.1,0.15,0.1,0.09,0.99,3.16,1.23,-0.16,110,3810307,85,2961221.0,849086.0,1.29,Fair / unclear,Within 2x,,
Bruno Fernandes,Manchester United,Winger / attacking mid,29,32,32,2796,"Regular (1,500+ min)",7.571875,8,19,0.26,0.61,0.34,0.36,3.89,1.61,0.55,1.3,1,19051534,4,15047639.0,4003895.0,1.27,Overpaid,Within 2x,64.0,
Calvin Bassey,Fulham,Centre-back,24,27,25,2274,"Regular (1,500+ min)",6.781481481,1,0,0.04,0.0,0.07,0.01,0.28,2.22,0.75,-0.3,130,2857730,106,2335448.0,522282.0,1.22,Fair / unclear,Within 2x,,
Morgan Rogers,Aston Villa,Winger / attacking mid,22,35,35,3105,"Regular (1,500+ min)",6.837142857,9,5,0.26,0.14,0.19,0.12,1.22,1.1,0.38,-0.16,112,4762884,73,3914421.0,848463.0,1.22,Fair / unclear,Within 2x,,
Cody Gakpo,Liverpool FC,Winger / attacking mid,25,33,29,2513,"Regular (1,500+ min)",6.948484848,7,5,0.25,0.18,0.28,0.17,1.79,0.97,0.43,0.34,24,7620614,35,6228024.0,1392590.0,1.22,Overpaid,Within 2x,65.0,
Guglielmo Vicario,Tottenham Hotspur,Goalkeeper,27,31,31,2790,"Regular (1,500+ min)",6.84516129,0,0,0.0,0.0,0.0,0.0,0.03,0.03,0.0,-0.1,101,4762884,73,3939710.0,823174.0,1.21,Fair / unclear,Within 2x,,
Emiliano Martínez,Aston Villa,Goalkeeper,31,30,30,2655,"Regular (1,500+ min)",6.973333333,0,0,0.0,0.0,0.0,0.0,0.03,0.0,0.0,0.32,28,9525767,18,7848132.0,1677635.0,1.21,Overpaid,Within 2x,66.0,
Kaoru Mitoma,Brighton & Hove Albion,Winger / attacking mid,27,24,18,1663,"Regular (1,500+ min)",6.808333333,3,1,0.16,0.05,0.2,0.15,1.68,0.92,0.49,-0.07,94,5080409,65,4273427.0,806982.0,1.19,Fair / unclear,Within 2x,,
Emiliano Buendía,Aston Villa,Winger / attacking mid,27,33,19,1593,"Regular (1,500+ min)",6.83030303,6,2,0.34,0.11,0.18,0.11,1.41,2.26,0.56,-0.13,105,4762884,73,4033579.0,729305.0,1.18,Fair / unclear,Within 2x,,
Bukayo Saka,Arsenal,Winger / attacking mid,22,29,23,2055,"Regular (1,500+ min)",7.265517241,7,4,0.31,0.18,0.32,0.29,2.58,1.58,0.66,0.91,4,12383497,10,10543233.0,1840264.0,1.17,Overpaid,Within 2x,67.0,
Djed Spence,Tottenham Hotspur,Full-back,23,27,22,1946,"Regular (1,500+ min)",6.580769231,0,0,0.0,0.0,0.04,0.08,0.46,1.94,0.79,-0.2,115,3175256,95,2803005.0,372251.0,1.13,Fair / unclear,Within 2x,,
Ryan Sessegnon,Fulham,Full-back,24,27,20,1822,"Regular (1,500+ min)",6.573076923,3,1,0.15,0.05,0.08,0.09,0.69,2.37,1.23,-0.27,126,2857730,106,2566882.0,290848.0,1.11,Fair / unclear,Within 2x,,
Georginio Rutter,Brighton & Hove Albion,Striker,22,29,20,1749,"Regular (1,500+ min)",6.675862069,3,3,0.15,0.15,0.13,0.13,1.23,1.6,0.51,-0.29,127,4762884,73,4305179.0,457705.0,1.11,Fair / unclear,Within 2x,,
Morgan Gibbs-White,Nottingham Forest,Winger / attacking mid,24,35,33,2930,"Regular (1,500+ min)",6.882857143,13,4,0.4,0.12,0.29,0.09,1.41,0.58,0.34,0.03,73,5080409,65,4680596.0,399813.0,1.09,Fair / unclear,Within 2x,,
Timothy Castagne,Fulham,Full-back,28,27,17,1609,"Regular (1,500+ min)",6.632,0,0,0.0,0.0,0.07,0.05,0.78,1.68,1.57,0.04,71,4127832,83,3794936.0,332896.0,1.09,Fair / unclear,Within 2x,,
Jake O'Brien,Everton,Full-back,23,34,32,2891,"Regular (1,500+ min)",6.752941176,1,1,0.03,0.03,0.04,0.03,0.47,1.68,0.44,-0.42,141,2222679,118,2130114.0,92565.0,1.04,Fair / unclear,Within 2x,,
Callum Hudson Odoi,Nottingham Forest,Winger / attacking mid,23,30,21,1849,"Regular (1,500+ min)",6.873333333,3,4,0.15,0.19,0.14,0.15,2.14,0.68,0.39,0.07,62,5080409,65,4868976.0,211433.0,1.04,Fair / unclear,Within 2x,,
Leandro Trossard,Arsenal,Winger / attacking mid,29,29,19,1827,"Regular (1,500+ min)",6.913793103,5,6,0.25,0.3,0.24,0.17,1.67,1.28,0.44,0.22,40,5715460,54,5575236.0,140224.0,1.03,Fair / unclear,Within 2x,,
Rodrigo Bentancur,Tottenham Hotspur,Central / defensive mid,27,23,20,1639,"Regular (1,500+ min)",6.72173913,1,1,0.05,0.05,0.03,0.04,0.49,2.53,1.59,0.13,52,4762884,73,4624664.0,138220.0,1.03,Fair / unclear,Within 2x,,
Ola Aina,Nottingham Forest,Full-back,27,18,18,1590,"Regular (1,500+ min)",6.888888889,0,0,0.0,0.0,0.02,0.05,0.57,1.75,1.42,-0.27,125,2540205,111,2577402.0,-37197.0,0.99,Fair / unclear,Within 2x,,
Mathias Jensen,Brentford,Central / defensive mid,28,33,23,2041,"Regular (1,500+ min)",7.003030303,3,1,0.13,0.04,0.1,0.25,1.37,1.68,0.79,-0.1,100,3175256,95,3281414.0,-106158.0,0.97,Fair / unclear,Within 2x,,
Michael Keane,Everton,Centre-back,31,30,26,2349,"Regular (1,500+ min)",6.934482759,3,0,0.11,0.0,0.08,0.01,0.04,1.23,1.3,0.21,41,5080409,65,5252072.0,-171663.0,0.97,Fair / unclear,Within 2x,,
Dean Henderson,Crystal Palace,Goalkeeper,27,33,33,2970,"Regular (1,500+ min)",6.966666667,0,0,0.0,0.0,0.0,0.0,0.03,0.0,0.06,0.21,42,6350511,47,6542656.0,-192145.0,0.97,Fair / unclear,Within 2x,,
Pedro Porro,Tottenham Hotspur,Full-back,24,31,29,2528,"Regular (1,500+ min)",6.883870968,1,2,0.04,0.07,0.03,0.12,1.64,2.35,0.93,0.34,23,5397935,62,5599361.0,-201426.0,0.96,Fair / unclear,Within 2x,,
Sander Berge,Fulham,Central / defensive mid,26,33,32,2776,"Regular (1,500+ min)",6.863636364,0,1,0.0,0.03,0.04,0.05,0.58,1.78,0.78,-0.03,87,3492781,92,3641979.0,-149198.0,0.96,Fair / unclear,Within 2x,,
Tyler Adams,Bournemouth,Central / defensive mid,25,22,19,1551,"Regular (1,500+ min)",6.828571429,2,2,0.12,0.12,0.03,0.03,0.35,2.44,1.68,0.03,74,3810307,85,3973324.0,-163017.0,0.96,Fair / unclear,Within 2x,,
Nick Pope,Newcastle United,Goalkeeper,32,24,24,2147,"Regular (1,500+ min)",6.908333333,0,0,0.0,0.0,0.01,0.0,0.0,0.04,0.0,-0.07,96,3810307,85,4139952.0,-329645.0,0.92,Fair / unclear,Within 2x,,
Joachim Andersen,Fulham,Centre-back,28,32,32,2832,"Regular (1,500+ min)",7.05625,0,1,0.0,0.03,0.05,0.06,0.22,1.43,1.11,0.33,25,5715460,54,6384221.0,-668761.0,0.9,Fair / unclear,Within 2x,,
Santiago Bueno,Wolverhampton,Centre-back,25,26,25,2283,"Regular (1,500+ min)",6.819230769,3,1,0.12,0.04,0.08,0.06,0.35,1.97,0.87,-0.35,136,1905153,128,2154396.0,-249243.0,0.88,Fair / unclear,Within 2x,,
Sven Botman,Newcastle United,Centre-back,24,22,18,1568,"Regular (1,500+ min)",6.97,1,1,0.06,0.06,0.1,0.05,0.46,1.03,1.09,0.37,20,5715460,54,6749685.0,-1034225.0,0.85,Underpaid,Within 2x,,14.0
Lewis Dunk,Brighton & Hove Albion,Centre-back,32,30,28,2574,"Regular (1,500+ min)",6.916666667,0,0,0.0,0.0,0.04,0.02,0.21,1.15,1.01,0.3,32,5080409,65,6021942.0,-941533.0,0.84,Fair / unclear,Within 2x,,
Moisés Caicedo,Chelsea,Central / defensive mid,22,30,29,2537,"Regular (1,500+ min)",7.153333333,3,1,0.11,0.04,0.05,0.07,0.5,2.94,1.99,0.71,6,9525767,18,11341422.0,-1815655.0,0.84,Underpaid,Within 2x,,13.0
Marcos Senesi,Bournemouth,Centre-back,27,34,34,3020,"Regular (1,500+ min)",7.214705882,0,5,0.0,0.15,0.05,0.14,0.72,1.76,1.58,0.03,75,3175256,95,3928210.0,-752954.0,0.81,Fair / unclear,Within 2x,,
Richarlison,Tottenham Hotspur,Striker,27,29,17,1704,"Regular (1,500+ min)",6.855172414,10,4,0.53,0.21,0.37,0.07,0.9,1.32,0.26,0.6,9,5715460,54,7473246.0,-1757786.0,0.76,Underpaid,Within 2x,,12.0
Maxence Lacroix,Crystal Palace,Centre-back,24,32,32,2846,"Regular (1,500+ min)",6.8875,1,2,0.03,0.06,0.07,0.03,0.19,1.74,1.3,0.07,65,3175256,95,4191504.0,-1016248.0,0.76,Fair / unclear,Within 2x,,
Ibrahima Konaté,Liverpool FC,Centre-back,25,33,33,2844,"Regular (1,500+ min)",7.103030303,1,0,0.03,0.0,0.03,0.03,0.22,1.61,0.89,0.3,31,4445358,80,6057997.0,-1612639.0,0.73,Fair / unclear,Within 2x,,
Diego Gómez,Brighton & Hove Albion,Central / defensive mid,21,30,25,2052,"Regular (1,500+ min)",6.776666667,5,1,0.22,0.04,0.24,0.07,0.92,3.38,0.7,-0.29,129,1745189,137,2423798.0,-678609.0,0.72,Fair / unclear,Within 2x,,
Adam Wharton,Crystal Palace,Central / defensive mid,20,30,27,2335,"Regular (1,500+ min)",7.033333333,0,5,0.0,0.19,0.05,0.26,1.39,2.35,0.96,-0.12,103,2222679,118,3176194.0,-953515.0,0.7,Fair / unclear,Within 2x,,
Konstantinos Mavropanos,West Ham United,Centre-back,26,28,24,2265,"Regular (1,500+ min)",6.953571429,3,0,0.12,0.0,0.1,0.02,0.12,1.39,1.71,0.13,53,3175256,95,4590093.0,-1414837.0,0.69,Fair / unclear,Within 2x,,
Iliman Ndiaye,Everton,Winger / attacking mid,24,29,29,2516,"Regular (1,500+ min)",6.910344828,6,3,0.21,0.11,0.22,0.15,1.0,2.36,0.54,-0.08,98,2857730,106,4227352.0,-1369622.0,0.68,Fair / unclear,Within 2x,,
Keane Lewis-Potter,Brentford,Winger / attacking mid,23,33,19,1721,"Regular (1,500+ min)",6.66969697,3,3,0.16,0.16,0.15,0.12,0.94,0.99,0.47,-0.31,131,2222679,118,3415200.0,-1192521.0,0.65,Fair / unclear,Within 2x,,
Daniel Muñoz,Crystal Palace,Full-back,28,25,25,2096,"Regular (1,500+ min)",6.924,4,2,0.17,0.09,0.1,0.15,0.9,2.75,1.03,0.16,47,2857730,106,4421498.0,-1563768.0,0.65,Fair / unclear,Within 2x,,
Tyrick Mitchell,Crystal Palace,Full-back,24,34,33,2938,"Regular (1,500+ min)",6.788235294,1,2,0.03,0.06,0.04,0.07,0.86,2.7,0.95,0.08,61,2540205,111,3989976.0,-1449771.0,0.64,Fair / unclear,Within 2x,,
Jean Philippe Mateta,Crystal Palace,Striker,27,28,24,2095,"Regular (1,500+ min)",6.728571429,10,0,0.43,0.0,0.58,0.05,0.34,0.43,0.26,-0.06,93,3175256,95,4962052.0,-1786796.0,0.64,Fair / unclear,Within 2x,,
Alex Scott,Bournemouth,Central / defensive mid,20,35,32,2680,"Regular (1,500+ min)",7.064705882,3,1,0.1,0.03,0.13,0.1,0.91,1.88,1.21,0.04,70,2540205,111,4036477.0,-1496272.0,0.63,Fair / unclear,Within 2x,,
Nathan Collins,Brentford,Centre-back,23,32,29,2702,"Regular (1,500+ min)",6.75625,1,2,0.03,0.07,0.07,0.04,0.33,0.9,1.13,-0.11,102,1905153,128,3142957.0,-1237804.0,0.61,Fair / unclear,Within 2x,,
Neco Williams,Nottingham Forest,Full-back,23,34,33,2936,"Regular (1,500+ min)",6.911764706,2,3,0.06,0.09,0.06,0.12,1.07,2.7,1.26,0.31,29,3175256,95,5387863.0,-2212607.0,0.59,Underpaid,Within 2x,,10.0
Kenny Tete,Fulham,Full-back,28,22,21,1802,"Regular (1,500+ min)",6.913636364,1,0,0.05,0.0,0.05,0.07,0.55,3.25,1.35,0.3,30,3175256,95,5344320.0,-2169064.0,0.59,Underpaid,Within 2x,,11.0
Danny Welbeck,Brighton & Hove Albion,Striker,33,34,23,2068,"Regular (1,500+ min)",6.702941176,13,1,0.57,0.04,0.52,0.06,0.87,0.91,0.39,0.41,16,3810307,85,6625567.0,-2815260.0,0.58,Underpaid,Within 2x,,9.0
Malo Gusto,Chelsea,Full-back,21,32,24,2092,"Regular (1,500+ min)",6.65625,2,3,0.09,0.13,0.07,0.1,1.16,2.11,1.2,0.26,36,2857730,106,5073735.0,-2216005.0,0.56,Fair / unclear,Within 2x,,
Matz Sels,Nottingham Forest,Goalkeeper,32,28,27,2397,"Regular (1,500+ min)",6.792857143,0,0,0.0,0.0,0.0,0.0,0.04,0.04,0.0,-0.07,97,2222679,118,4131972.0,-1909293.0,0.54,Fair / unclear,Within 2x,,
Crysencio Summerville,West Ham United,Winger / attacking mid,22,28,26,2210,"Regular (1,500+ min)",6.982142857,5,1,0.2,0.04,0.2,0.12,1.02,1.55,0.61,-0.21,118,1905153,128,3732429.0,-1827276.0,0.51,Fair / unclear,Within 2x,,
Marcus Tavernier,Bournemouth,Winger / attacking mid,25,31,28,2480,"Regular (1,500+ min)",6.729032258,6,4,0.22,0.15,0.31,0.14,1.6,1.31,0.54,0.01,79,2222679,118,4602292.0,-2379613.0,0.48,Fair / unclear,Paid half or less,,
Igor Thiago,Brentford,Striker,23,35,34,3014,"Regular (1,500+ min)",6.974285714,22,1,0.66,0.03,0.6,0.05,0.66,1.02,0.33,0.4,17,3175256,95,6599432.0,-3424176.0,0.48,Underpaid,Paid half or less,,8.0
Jean-Clair Todibo,West Ham United,Centre-back,24,21,20,1701,"Regular (1,500+ min)",6.59,0,1,0.0,0.05,0.01,0.02,0.26,2.01,0.85,-0.22,119,1270102,138,2665173.0,-1395071.0,0.48,Fair / unclear,Paid half or less,,
José Sá,Wolverhampton,Goalkeeper,31,21,21,1890,"Regular (1,500+ min)",6.8,0,0,0.0,0.0,0.0,0.0,0.05,0.0,0.0,0.09,58,2540205,111,5346467.0,-2806262.0,0.48,Fair / unclear,Paid half or less,,
Murillo,Nottingham Forest,Centre-back,22,25,25,2133,"Regular (1,500+ min)",6.968,1,0,0.04,0.0,0.03,0.02,0.34,1.48,1.43,0.03,72,1905153,128,3952144.0,-2046991.0,0.48,Fair / unclear,Paid half or less,,
Yankuba Minteh,Brighton & Hove Albion,Winger / attacking mid,20,31,24,2174,"Regular (1,500+ min)",6.829032258,2,4,0.08,0.17,0.15,0.19,1.74,2.11,0.62,0.16,46,2540205,111,5278408.0,-2738203.0,0.48,Fair / unclear,Paid half or less,,
Robert Sánchez,Chelsea,Goalkeeper,26,33,33,2861,"Regular (1,500+ min)",6.936363636,0,1,0.0,0.03,0.0,0.0,0.16,0.06,0.03,0.33,26,3810307,85,7974140.0,-4163833.0,0.48,Underpaid,Paid half or less,,7.0
João Gomes,Wolverhampton,Central / defensive mid,23,33,30,2664,"Regular (1,500+ min)",6.778787879,1,1,0.03,0.03,0.04,0.07,0.54,3.34,1.11,0.04,69,1905153,128,4058587.0,-2153434.0,0.47,Fair / unclear,Paid half or less,,
Michael Kayode,Brentford,Full-back,20,34,34,2994,"Regular (1,500+ min)",6.897058824,1,1,0.03,0.03,0.04,0.08,0.99,1.83,1.11,0.15,48,2094226,127,4410766.0,-2316540.0,0.47,Fair / unclear,Paid half or less,,
Jacob Murphy,Newcastle United,Winger / attacking mid,29,30,17,1506,"Regular (1,500+ min)",6.753333333,3,2,0.18,0.12,0.19,0.16,1.31,0.9,0.24,0.06,66,2222679,118,4826101.0,-2603422.0,0.46,Fair / unclear,Paid half or less,,
Harry Wilson,Fulham,Winger / attacking mid,27,33,31,2600,"Regular (1,500+ min)",7.148484848,10,6,0.35,0.21,0.2,0.16,1.25,0.97,0.52,0.09,57,2222679,118,4949228.0,-2726549.0,0.45,Fair / unclear,Paid half or less,,
Jan Paul van Hecke,Brighton & Hove Albion,Centre-back,24,33,33,2941,"Regular (1,500+ min)",7.281818182,3,3,0.09,0.09,0.07,0.05,0.37,1.56,1.16,0.09,56,1905153,128,4368450.0,-2463297.0,0.44,Fair / unclear,Paid half or less,,
André,Wolverhampton,Central / defensive mid,23,32,27,2496,"Regular (1,500+ min)",6.846875,1,0,0.04,0.0,0.02,0.03,0.61,2.7,0.97,0.21,43,2222679,118,5222258.0,-2999579.0,0.43,Fair / unclear,Paid half or less,,
Amad Diallo,Manchester United,Winger / attacking mid,22,29,24,2089,"Regular (1,500+ min)",6.9,2,2,0.09,0.09,0.23,0.16,1.68,1.55,0.65,-0.0,83,1831878,136,4535208.0,-2703330.0,0.4,Fair / unclear,Paid half or less,,
Bart Verbruggen,Brighton & Hove Albion,Goalkeeper,21,35,35,3150,"Regular (1,500+ min)",7.091428571,0,0,0.0,0.0,0.0,0.0,0.03,0.03,0.0,0.14,51,2222679,118,5842296.0,-3619617.0,0.38,Fair / unclear,Paid half or less,,
Sepp van den Berg,Brentford,Centre-back,22,30,29,2663,"Regular (1,500+ min)",6.823333333,0,1,0.0,0.03,0.1,0.03,0.2,0.64,0.98,-0.03,90,1270102,138,3555367.0,-2285265.0,0.36,Fair / unclear,Paid half or less,,
Mikkel Damsgaard,Brentford,Winger / attacking mid,24,30,22,1902,"Regular (1,500+ min)",7.01,4,4,0.19,0.19,0.12,0.23,1.8,2.37,1.04,0.2,44,1905153,128,5444628.0,-3539475.0,0.35,Fair / unclear,Paid half or less,,
Jack Hinshelwood,Brighton & Hove Albion,Central / defensive mid,19,24,17,1506,"Regular (1,500+ min)",6.630434783,3,3,0.18,0.18,0.26,0.12,0.72,1.02,0.3,-0.49,144,635051,142,1806613.0,-1171562.0,0.35,Fair / unclear,Paid half or less,,
Yerson Mosquera,Wolverhampton,Centre-back,23,24,21,1872,"Regular (1,500+ min)",6.669565217,0,0,0.0,0.0,0.08,0.03,0.53,2.55,1.01,-0.56,147,508041,144,1543138.0,-1035097.0,0.33,Fair / unclear,Paid half or less,,
James Garner,Everton,Central / defensive mid,23,35,35,3144,"Regular (1,500+ min)",7.231428571,2,7,0.06,0.2,0.06,0.15,1.4,3.23,1.57,0.35,21,1905153,128,6538711.0,-4633558.0,0.29,Underpaid,Paid half or less,,6.0
Elliot Anderson,Nottingham Forest,Central / defensive mid,21,35,34,3089,"Regular (1,500+ min)",7.28,3,2,0.09,0.06,0.08,0.11,1.46,2.83,1.05,0.6,10,2540205,111,9545471.0,-7005266.0,0.27,Underpaid,Paid half or less,,5.0
Jérémy Doku,Manchester City,Winger / attacking mid,22,26,17,1574,"Regular (1,500+ min)",7.373076923,4,5,0.23,0.29,0.14,0.32,2.92,1.2,0.69,1.17,2,3175256,95,13370875.0,-10195619.0,0.24,Underpaid,Paid half or less,,4.0
Kevin Schade,Brentford,Winger / attacking mid,22,32,30,2550,"Regular (1,500+ min)",6.79375,7,3,0.25,0.11,0.39,0.07,1.02,1.34,0.64,-0.31,132,635051,142,3399869.0,-2764818.0,0.19,Fair / unclear,Paid half or less,,
Yasin Ayari,Brighton & Hove Albion,Central / defensive mid,21,27,20,1919,"Regular (1,500+ min)",6.803703704,3,3,0.14,0.14,0.13,0.05,0.75,2.2,1.17,-0.01,84,508041,144,3720668.0,-3212627.0,0.14,Fair / unclear,Paid half or less,,
Yehor Yarmoliuk,Brentford,Central / defensive mid,20,35,28,2507,"Regular (1,500+ min)",6.717142857,1,2,0.04,0.07,0.04,0.05,0.54,2.3,0.97,-0.21,117,317526,147,2752923.0,-2435397.0,0.12,Fair / unclear,Paid half or less,,
James Hill,Bournemouth,Centre-back,22,26,19,1850,"Regular (1,500+ min)",7.0,0,3,0.0,0.15,0.04,0.06,0.54,1.8,1.7,-0.17,113,317526,147,2863221.0,-2545695.0,0.11,Fair / unclear,Paid half or less,,
Hugo Bueno,Wolverhampton,Full-back,22,32,25,2304,"Regular (1,500+ min)",6.684375,1,2,0.04,0.08,0.03,0.14,1.45,2.58,1.48,0.62,8,680720,141,7982483.0,-7301763.0,0.09,Underpaid,Paid half or less,,3.0
Curtis Jones,Liverpool FC,Central / defensive mid,23,31,15,1680,"Regular (1,500+ min)",6.803225806,0,2,0.0,0.11,0.11,0.14,1.02,1.88,0.86,0.82,5,952577,140,13290261.0,-12337684.0,0.07,Underpaid,Paid half or less,,2.0
Lewis Hall,Newcastle United,Full-back,20,27,21,1909,"Regular (1,500+ min)",6.865384615,1,1,0.05,0.05,0.04,0.12,1.04,2.31,1.18,0.56,11,444536,146,7402123.0,-6957587.0,0.06,Underpaid,Paid half or less,,1.0
