player_name,sub_position
Declan Rice,Central Midfield
Bukayo Saka,Right Winger
Martín Zubimendi,Defensive Midfield
William Saliba,Centre-Back
Martin Ødegaard,Attacking Midfield
Eberechi Eze,Attacking Midfield
Piero Hincapié,Centre-Back
Leandro Trossard,Left Winger
Jurriën Timber,Right-Back
Cristhian Mosquera,Centre-Back
David Raya,Goalkeeper
Riccardo Calafiori,Left-Back
Ben White,Right-Back
Mikel Merino,Central Midfield
Max Dowman,Right Winger
Noni Madueke,Right Winger
Ethan Nwaneri,Attacking Midfield
Myles Lewis-Skelly,Left-Back
Kai Havertz,Centre-Forward
Viktor Gyökeres,Centre-Forward
Christian Nørgaard,Defensive Midfield
Gabriel Martinelli,Left Winger
Gabriel Jesus,Centre-Forward
Rodri,Defensive Midfield
James Trafford,Goalkeeper
Jérémy Doku,Left Winger
Erling Haaland,Centre-Forward
Marc Guéhi,Centre-Back
Rayan Cherki,Attacking Midfield
Rúben Dias,Centre-Back
Max Alleyne,Centre-Back
Joško Gvardiol,Centre-Back
Gianluigi Donnarumma,Goalkeeper
Antoine Semenyo,Right Winger
Phil Foden,Attacking Midfield
Nico González,Defensive Midfield
Matheus Nunes,Right-Back
Abdukodir Khusanov,Centre-Back
Rayan Aït-Nouri,Left-Back
Nico O'Reilly,Left-Back
Tijjani Reijnders,Central Midfield
Bernardo Silva,Attacking Midfield
Nathan Aké,Centre-Back
Mateo Kovačić,Central Midfield
Rico Lewis,Right-Back
Savinho,Left Winger
Omar Marmoush,Centre-Forward
John Stones,Centre-Back
Bruno Fernandes,Attacking Midfield
Casemiro,Defensive Midfield
Lisandro Martínez,Centre-Back
Matheus Cunha,Centre-Forward
Matthijs de Ligt,Centre-Back
Senne Lammens,Goalkeeper
Ayden Heaven,Centre-Back
Patrick Dorgu,Left Winger
Amad Diallo,Right Winger
Kobbie Mainoo,Central Midfield
Bryan Mbeumo,Right Winger
Harry Maguire,Centre-Back
Diogo Dalot,Right-Back
Noussair Mazraoui,Right-Back
Mason Mount,Attacking Midfield
Benjamin Šeško,Centre-Forward
Manuel Ugarte,Defensive Midfield
Luke Shaw,Left-Back
Leny Yoro,Centre-Back
Tyler Fredricson,Centre-Back
Altay Bayındır,Goalkeeper
Jack Fletcher,Attacking Midfield
Joshua Zirkzee,Centre-Forward
Bendito Mantato,Right Winger
Tyrell Malacia,Left-Back
Virgil van Dijk,Centre-Back
Dominik Szoboszlai,Attacking Midfield
Ibrahima Konaté,Centre-Back
Ryan Gravenberch,Defensive Midfield
Rio Ngumoha,Left Winger
Cody Gakpo,Left Winger
Freddie Woodman,Goalkeeper
Hugo Ekitiké,Centre-Forward
Florian Wirtz,Attacking Midfield
Mohamed Salah,Right Winger
Alisson,Goalkeeper
Curtis Jones,Central Midfield
Alexis Mac Allister,Central Midfield
Jeremie Frimpong,Right-Back
Andy Robertson,Left-Back
Wataru Endo,Defensive Midfield
Conor Bradley,Right-Back
Miloš Kerkez,Left-Back
Giorgi Mamardashvili,Goalkeeper
Federico Chiesa,Right Winger
Alexander Isak,Centre-Forward
Joe Gomez,Centre-Back
Trey Nyoni,Central Midfield
Youri Tielemans,Central Midfield
Boubacar Kamara,Defensive Midfield
Amadou Onana,Defensive Midfield
Ezri Konsa,Centre-Back
Emiliano Martínez,Goalkeeper
John McGinn,Central Midfield
Pau Torres,Centre-Back
Matty Cash,Right-Back
Ross Barkley,Central Midfield
Morgan Rogers,Attacking Midfield
Emiliano Buendía,Left Winger
Douglas Luiz,Central Midfield
Ollie Watkins,Centre-Forward
Lucas Digne,Left-Back
Victor Lindelöf,Centre-Back
Jadon Sancho,Left Winger
Tyrone Mings,Centre-Back
Donyell Malen,Centre-Forward
Leon Bailey,Right Winger
Tammy Abraham,Centre-Forward
Ian Maatsen,Left-Back
Alysson,Right Winger
Jamaldeen Jimoh,Attacking Midfield
Lamare Bogarde,Defensive Midfield
Harvey Elliott,Attacking Midfield
Marco Bizot,Goalkeeper
Andrés García,Right-Back
Bradley Burrowes,Right Winger
Marcos Senesi,Centre-Back
Alex Scott,Central Midfield
Rayan,Right Winger
James Hill,Centre-Back
Lewis Cook,Central Midfield
Đorđe Petrović,Goalkeeper
Tyler Adams,Defensive Midfield
Álex Jiménez,Right-Back
Eli Junior Kroupi,Centre-Forward
Veljko Milosavljević,Centre-Back
Amine Adli,Left Winger
Ryan Christie,Central Midfield
Adrien Truffert,Left-Back
Marcus Tavernier,Attacking Midfield
David Brooks,Right Winger
Bafodé Diakité,Centre-Back
Evanilson,Centre-Forward
Justin Kluivert,Attacking Midfield
Ben Gannon-Doak,Right Winger
Alex Tóth,Central Midfield
Enes Ünal,Centre-Forward
Adam Smith,Right-Back
Ben Winterburn,Defensive Midfield
Julio Soler,Left-Back
Mikkel Damsgaard,Attacking Midfield
Mathias Jensen,Central Midfield
Caoimhin Kelleher,Goalkeeper
Vitaly Janelt,Defensive Midfield
Igor Thiago,Centre-Forward
Michael Kayode,Right-Back
Dango Ouattara,Right Winger
Sepp van den Berg,Centre-Back
Jordan Henderson,Defensive Midfield
Kevin Schade,Left Winger
Nathan Collins,Centre-Back
Ethan Pinnock,Centre-Back
Yehor Yarmoliuk,Central Midfield
Antoni Milambo,Attacking Midfield
Keane Lewis-Potter,Left Midfield
Fabio Carvalho,Attacking Midfield
Frank Onyeka,Central Midfield
Kristoffer Ajer,Centre-Back
Romelle Donovan,Right Winger
Josh Dasilva,Central Midfield
Reiss Nelson,Left Winger
Aaron Hickey,Right-Back
Rico Henry,Left-Back
Kaye Furo,Centre-Forward
Hákon Rafn Valdimarsson,Goalkeeper
Jan Paul van Hecke,Centre-Back
Bart Verbruggen,Goalkeeper
Pascal Groß,Central Midfield
Olivier Boscagli,Centre-Back
Lewis Dunk,Centre-Back
Yankuba Minteh,Right Winger
Ferdi Kadıoğlu,Left-Back
Joël Veltman,Right-Back
Kaoru Mitoma,Left Winger
Yasin Ayari,Central Midfield
Diego Gómez,Central Midfield
Maxim De Cuyper,Left-Back
Mats Wieffer,Right-Back
Matt O'Riley,Central Midfield
James Milner,Central Midfield
Danny Welbeck,Centre-Forward
Solly March,Right Winger
Diego Coppola,Centre-Back
Georginio Rutter,Centre-Forward
Charalampos Kostoulas,Centre-Forward
Brajan Gruda,Attacking Midfield
Jack Hinshelwood,Defensive Midfield
Stefanos Tzimas,Centre-Forward
Carlos Baleba,Defensive Midfield
Tom Watson,Left Winger
Harry Howell,Attacking Midfield
Igor Júlio,Centre-Back
Reece James,Right-Back
Moisés Caicedo,Defensive Midfield
Enzo Fernández,Central Midfield
João Pedro,Centre-Forward
Cole Palmer,Attacking Midfield
Pedro Neto,Right Winger
Trevoh Chalobah,Centre-Back
Robert Sánchez,Goalkeeper
Wesley Fofana,Centre-Back
Tosin Adarabioyo,Centre-Back
Dário Essugo,Defensive Midfield
Filip Jørgensen,Goalkeeper
Andrey Santos,Central Midfield
Alejandro Garnacho,Left Winger
Estêvão,Right Winger
Roméo Lavia,Defensive Midfield
Marc Cucurella,Left-Back
Benoît Badiashile,Centre-Back
Malo Gusto,Right-Back
Jamie Gittens,Left Winger
Levi Colwill,Centre-Back
Josh Acheampong,Right-Back
Jorrel Hato,Left-Back
Liam Delap,Centre-Forward
Marc Guiu,Centre-Forward
Mamadou Sarr,Centre-Back
James Garner,Defensive Midfield
Jack Grealish,Left Winger
Kiernan Dewsbury-Hall,Central Midfield
James Tarkowski,Centre-Back
Jordan Pickford,Goalkeeper
Jarrad Branthwaite,Centre-Back
Michael Keane,Centre-Back
Iliman Ndiaye,Right Winger
Nathan Patterson,Right-Back
Idrissa Gana Gueye,Centre-Forward
Tim Iroegbunam,Central Midfield
Jake O'Brien,Right-Back
Vitaliy Mykolenko,Left-Back
Séamus Coleman,Right-Back
Harrison Armstrong,Central Midfield
Dwight McNeil,Left Winger
Beto,Centre-Forward
Tyler Dibling,Right Winger
Thierno Barry,Centre-Forward
Tyrique George,Left Winger
Merlin Röhl,Attacking Midfield
Carlos Alcaraz,Central Midfield
Harry Wilson,Right Winger
Joachim Andersen,Centre-Back
Alex Iwobi,Left Winger
Bernd Leno,Goalkeeper
Kenny Tete,Right-Back
Samuel Chukwueze,Right Winger
Jorge Cuenca,Centre-Back
Sander Berge,Defensive Midfield
Harrison Reed,Central Midfield
Calvin Bassey,Centre-Back
Antonee Robinson,Left-Back
Kevin,Left Winger
Oscar Bobb,Right Winger
Tom Cairney,Central Midfield
Raúl Jiménez,Centre-Forward
Emile Smith Rowe,Attacking Midfield
Timothy Castagne,Right-Back
Saša Lukić,Central Midfield
Rodrigo Muniz,Centre-Forward
Joshua King,Centre-Forward
Ryan Sessegnon,Left-Back
Issa Diop,Centre-Back
Jonah Kusi-Asare,Centre-Forward
Granit Xhaka,Defensive Midfield
Robin Roefs,Goalkeeper
Melker Ellborg,Goalkeeper
Nordi Mukiele,Right-Back
Jenson Seelt,Centre-Back
Daniel Ballard,Centre-Back
Enzo Le Fée,Central Midfield
Omar Alderete,Centre-Back
Lutsharel Geertruida,Right-Back
Noah Sadiki,Central Midfield
Bertrand Traoré,Right Winger
Trai Hume,Right-Back
Jocelin Ta Bi,Right Winger
Habib Diarra,Central Midfield
Chris Rigg,Attacking Midfield
Reinildo Mandava,Left-Back
Dennis Cirkin,Left-Back
Chemsdine Talbi,Right Winger
Arthur Masuaku,Left-Back
Wilson Isidor,Centre-Forward
Brian Brobbey,Centre-Forward
Luke O'Nien,Centre-Back
Eliezer Mayenda,Centre-Forward
Simon Adingra,Left Winger
Romaine Mundle,Left Winger
Nilson Angulo,Left Winger
Patrick Roberts,Right Winger
Bruno Guimarães,Central Midfield
Fabian Schär,Centre-Back
Anthony Gordon,Left Winger
Malick Thiaw,Centre-Back
Sven Botman,Centre-Back
Sandro Tonali,Defensive Midfield
Lewis Miley,Central Midfield
Nick Pope,Goalkeeper
Lewis Hall,Left-Back
Joelinton,Central Midfield
Tino Livramento,Right-Back
Jacob Murphy,Right Winger
Harvey Barnes,Left Winger
William Osula,Centre-Forward
Kieran Trippier,Right-Back
Aaron Ramsdale,Goalkeeper
Nick Woltemade,Centre-Forward
Jacob Ramsey,Central Midfield
Anthony Elanga,Right Winger
Dan Burn,Centre-Back
Joe Willock,Central Midfield
Yoane Wissa,Centre-Forward
Jamaal Lascelles,Centre-Back
Emil Krafth,Right-Back
Alex Murphy,Left-Back
Anton Stach,Defensive Midfield
Ethan Ampadu,Defensive Midfield
Karl Darlow,Goalkeeper
James Justin,Right-Back
Noah Okafor,Left Winger
Sean Longstaff,Central Midfield
Jaka Bijol,Centre-Back
Pascal Struijk,Centre-Back
Brenden Aaronson,Attacking Midfield
Ao Tanaka,Central Midfield
Ilia Gruev,Defensive Midfield
Sebastiaan Bornauw,Centre-Back
Joe Rodon,Centre-Back
Dominic Calvert-Lewin,Centre-Forward
Lukas Nmecha,Centre-Forward
Wilfried Gnonto,Right Winger
Gabriel Gudmundsson,Left-Back
Daniel James,Right Winger
Jayden Bogle,Right-Back
Lucas Perri,Goalkeeper
Jack Harrison,Left Winger
Joël Piroe,Centre-Forward
Facundo Buonanotte,Attacking Midfield
Sam Byram,Left-Back
Walter Benítez,Goalkeeper
Adam Wharton,Defensive Midfield
Dean Henderson,Goalkeeper
Chris Richards,Centre-Back
Daniel Muñoz,Right-Back
Jaydee Canvot,Centre-Back
Maxence Lacroix,Centre-Back
Yéremy Pino,Right Winger
Daichi Kamada,Attacking Midfield
Ismaïla Sarr,Right Winger
Tyrick Mitchell,Left-Back
Will Hughes,Central Midfield
Jefferson Lerma,Defensive Midfield
Jean Philippe Mateta,Centre-Forward
Chadi Riad,Centre-Back
Brennan Johnson,Right Winger
Eddie Nketiah,Centre-Forward
Nathaniel Clyne,Right-Back
Odsonne Édouard,Centre-Forward
Romain Esse,Right Winger
Evann Guessand,Right Winger
Justin Devenny,Attacking Midfield
Christantus Uche,Centre-Forward
Jørgen Strand Larsen,Centre-Forward
Kaden Rodney,Defensive Midfield
Borna Sosa,Left-Back
Elliot Anderson,Central Midfield
Stefan Ortega,Goalkeeper
Ibrahim Sangaré,Defensive Midfield
Murillo,Centre-Back
Morato,Centre-Back
Neco Williams,Left-Back
Ola Aina,Right-Back
Morgan Gibbs-White,Attacking Midfield
Callum Hudson Odoi,Left Winger
Nicolás Domínguez,Central Midfield
Nikola Milenković,Centre-Back
Matz Sels,Goalkeeper
Luca Netz,Left-Back
Oleksandr Zinchenko,Left-Back
Lorenzo Lucca,Centre-Forward
Omari Hutchinson,Attacking Midfield
Jair,Defensive Midfield
Ryan Yates,Central Midfield
Taiwo Awoniyi,Centre-Forward
Chris Wood,Centre-Forward
Dan Ndoye,Right Winger
Nicolò Savona,Right-Back
Jota Silva,Left Winger
Igor Jesus,Centre-Forward
Dilane Bakwa,Right Winger
James McAtee,Attacking Midfield
Angus Gunn,Goalkeeper
Arnaud Kalimuendo,Centre-Forward
Zach Abbott,Centre-Back
John Victor,Goalkeeper
Cristian Romero,Centre-Back
João Palhinha,Defensive Midfield
Ben Davies,Centre-Back
Pedro Porro,Right-Back
Xavi Simons,Attacking Midfield
Mohammed Kudus,Right Winger
Richarlison,Centre-Forward
Guglielmo Vicario,Goalkeeper
Kevin Danso,Centre-Back
Dominic Solanke,Centre-Forward
Pape Matar Sarr,Central Midfield
Micky van de Ven,Centre-Back
Rodrigo Bentancur,Defensive Midfield
Mathys Tel,Centre-Forward
Conor Gallagher,Central Midfield
Lucas Bergvall,Central Midfield
Wilson Odobert,Left Winger
Callum Olusesi,Central Midfield
Archie Gray,Defensive Midfield
Yves Bissouma,Defensive Midfield
Djed Spence,Left-Back
Antonín Kinský,Goalkeeper
Destiny Udogie,Left-Back
Randal Kolo Muani,Centre-Forward
Radu Drăguşin,Centre-Back
Dane Scarlett,Centre-Forward
Souza,Left-Back
Mateus Fernandes,Central Midfield
Jarrod Bowen,Right Winger
Crysencio Summerville,Left Winger
Konstantinos Mavropanos,Centre-Back
Lucas Paquetá,Attacking Midfield
Mads Hermansen,Goalkeeper
Axel Disasi,Centre-Back
Freddie Potts,Defensive Midfield
Alphonse Aréola,Goalkeeper
Soungoutou Magassa,Defensive Midfield
Tomáš Souček,Defensive Midfield
El Hadji Malick Diouf,Left-Back
Mohamadou Kanté,Defensive Midfield
Kyle Walker-Peters,Right-Back
Valentín Castellanos,Centre-Forward
Callum Wilson,Centre-Forward
Guido Rodríguez,Defensive Midfield
Andy Irving,Central Midfield
Aaron Wan-Bissaka,Right-Back
Jean-Clair Todibo,Centre-Back
Ezra Mayers,Centre-Back
Oliver Scarles,Left-Back
Max Kilman,Centre-Back
Adama Traoré,Right Winger
Luís Guilherme,Right Winger
George Earthy,Attacking Midfield
Callum Marshall,Centre-Forward
Nayef Aguerd,Centre-Back
Niclas Füllkrug,Centre-Forward
Martin Dúbravka,Goalkeeper
Josh Cullen,Central Midfield
Bashir Humphreys,Centre-Back
James Ward-Prowse,Central Midfield
Jaidon Anthony,Left Winger
Zian Flemming,Centre-Forward
Zeki Amdouni,Centre-Forward
Lesley Ugochukwu,Defensive Midfield
Oliver Sonne,Right-Back
Hjalmar Ekdal,Centre-Back
Marcus Edwards,Right Winger
Maxime Estève,Centre-Back
Kyle Walker,Right-Back
Joe Worrall,Centre-Back
Loum Tchaouna,Right Winger
Lucas Pires,Left-Back
Axel Tuanzebe,Centre-Back
Jacob Bruun Larsen,Left Winger
Lyle Foster,Centre-Forward
Mike Trésor,Attacking Midfield
Quilindschy Hartman,Left-Back
Josh Laurent,Central Midfield
Armando Broja,Centre-Forward
Ashley Barnes,Centre-Forward
Jaydon Banel,Left Winger
Daniel Bentley,Goalkeeper
Sam Johnstone,Goalkeeper
Emmanuel Agbadou,Centre-Back
André,Defensive Midfield
Santiago Bueno,Centre-Back
José Sá,Goalkeeper
Mateus Mané,Attacking Midfield
João Gomes,Central Midfield
Jean-Ricner Bellegarde,Central Midfield
Angel Gomes,Attacking Midfield
Ladislav Krejčí,Centre-Back
Hugo Bueno,Left-Back
Rodrigo Gomes,Left Midfield
Yerson Mosquera,Centre-Back
Marshall Munetsi,Central Midfield
Ki-Jana Hoever,Right-Back
Adam Armstrong,Centre-Forward
David Møller Wolfe,Left-Back
Jhon Arias,Right Winger
Tawanda Chirewa,Attacking Midfield
Hwang Hee-chan,Centre-Forward
Jackson Tchatchoua,Right-Back
Tolu Arokodare,Centre-Forward
Pedro Lima,Right-Back
Matt Doherty,Right-Back
Fer López,Attacking Midfield
Saša Kalajdžić,Centre-Forward
